{
  "dietary": {
    "precision": 0.0,
    "recall": 0.0,
    "f1-score": 0.0,
    "support": 3
  },
  "change_both": {
    "precision": 1.0,
    "recall": 1.0,
    "f1-score": 1.0,
    "support": 2
  },
  "change_duration": {
    "precision": 1.0,
    "recall": 0.42857142857142855,
    "f1-score": 0.6,
    "support": 7
  },
  "change_main": {
    "precision": 0.0,
    "recall": 0.0,
    "f1-score": 0.0,
    "support": 3
  },
  "main": {
    "precision": 0.9444444444444444,
    "recall": 0.5151515151515151,
    "f1-score": 0.6666666666666666,
    "support": 33
  },
  "duration": {
    "precision": 1.0,
    "recall": 0.6857142857142857,
    "f1-score": 0.8135593220338984,
    "support": 35
  },
  "micro avg": {
    "precision": 0.9787234042553191,
    "recall": 0.5542168674698795,
    "f1-score": 0.7076923076923076,
    "support": 83
  },
  "macro avg": {
    "precision": 0.6574074074074074,
    "recall": 0.43823953823953826,
    "f1-score": 0.5133709981167608,
    "support": 83
  },
  "weighted avg": {
    "precision": 0.9056224899598393,
    "recall": 0.5542168674698795,
    "f1-score": 0.6828262201347763,
    "support": 83
  }
}