{
  "deny": {
    "precision": 1.0,
    "recall": 0.4444444444444444,
    "f1-score": 0.6153846153846153,
    "support": 9,
    "confused_with": {
      "inform": 2,
      "affirm": 2
    }
  },
  "bot_challenge": {
    "precision": 1.0,
    "recall": 1.0,
    "f1-score": 1.0,
    "support": 5,
    "confused_with": {}
  },
  "inform": {
    "precision": 0.8205128205128205,
    "recall": 0.8205128205128205,
    "f1-score": 0.8205128205128205,
    "support": 39,
    "confused_with": {
      "postive": 7
    }
  },
  "affirm": {
    "precision": 0.3333333333333333,
    "recall": 0.375,
    "f1-score": 0.35294117647058826,
    "support": 8,
    "confused_with": {
      "postive": 3,
      "inform": 1
    }
  },
  "change_choices": {
    "precision": 0.8666666666666667,
    "recall": 0.7222222222222222,
    "f1-score": 0.7878787878787877,
    "support": 18,
    "confused_with": {
      "affirm": 2,
      "request_recipe": 1
    }
  },
  "postive": {
    "precision": 0.15,
    "recall": 0.375,
    "f1-score": 0.21428571428571425,
    "support": 8,
    "confused_with": {
      "inform": 2,
      "affirm": 2
    }
  },
  "greet": {
    "precision": 0.6,
    "recall": 0.3333333333333333,
    "f1-score": 0.42857142857142855,
    "support": 9,
    "confused_with": {
      "postive": 5,
      "inform": 1
    }
  },
  "request_recipe": {
    "precision": 0.9444444444444444,
    "recall": 0.8947368421052632,
    "f1-score": 0.918918918918919,
    "support": 19,
    "confused_with": {
      "change_choices": 2
    }
  },
  "micro avg": {
    "precision": 0.6956521739130435,
    "recall": 0.6956521739130435,
    "f1-score": 0.6956521739130435,
    "support": 115
  },
  "macro avg": {
    "precision": 0.7143696581196581,
    "recall": 0.6206562078272605,
    "f1-score": 0.6423116827528592,
    "support": 115
  },
  "weighted avg": {
    "precision": 0.7722705314009661,
    "recall": 0.6956521739130435,
    "f1-score": 0.7180408448950648,
    "support": 115
  }
}